{
  "mcp": [
    {
      "num_uavs": 3,
      "use_mcp": true,
      "avg_coverage": 22.377499999999998,
      "std_coverage": 5.155280666462302,
      "avg_pw_coverage": 22.519430952000075,
      "per_ep_final_coverage": [
        15.57,
        30.36,
        20.369999999999997,
        18.77,
        25.05,
        26.169999999999998,
        28.849999999999998,
        23.57,
        16.57,
        20.91,
        27.810000000000002,
        14.530000000000001
      ],
      "per_ep_final_pw": [
        13.54530256863797,
        28.65413496005746,
        25.977018971149224,
        20.71319845278073,
        30.618133850044675,
        27.19920641723972,
        25.794036685364112,
        20.358034181407586,
        14.706265686317208,
        18.067244926124364,
        32.005850921475954,
        12.594743803401848
      ],
      "coverage_per_uav": 7.459166666666666,
      "avg_step_time_ms": 0.23271809061692372,
      "context_agg_time_ms": 0.0212271000009423,
      "mcp_messages_per_step": 6,
      "p2p_messages_per_step": 6
    },
    {
      "num_uavs": 5,
      "use_mcp": true,
      "avg_coverage": 33.465,
      "std_coverage": 5.11395069067611,
      "avg_pw_coverage": 35.37896281518276,
      "per_ep_final_coverage": [
        28.16,
        36.16,
        34.56,
        32.37,
        34.69,
        36.15,
        44.47,
        31.25,
        32.26,
        32.54,
        36.809999999999995,
        22.16
      ],
      "per_ep_final_pw": [
        33.017186497646165,
        34.87648904426893,
        36.98131776951206,
        37.675346008099275,
        40.834306009834194,
        35.38802148138874,
        48.434197299559074,
        26.96521251779977,
        30.95644393802343,
        34.46030384769052,
        41.00433927355349,
        23.954390094817505
      ],
      "coverage_per_uav": 6.6930000000000005,
      "avg_step_time_ms": 0.3250921721416698,
      "context_agg_time_ms": 0.03336054999749649,
      "mcp_messages_per_step": 10,
      "p2p_messages_per_step": 20
    },
    {
      "num_uavs": 7,
      "use_mcp": true,
      "avg_coverage": 40.92916666666667,
      "std_coverage": 6.7999294828859975,
      "avg_pw_coverage": 44.14712922070307,
      "per_ep_final_coverage": [
        43.36,
        51.71,
        40.01,
        35.58,
        35.75,
        44.89,
        49.32,
        36.49,
        40.69,
        46.2,
        41.78,
        25.369999999999997
      ],
      "per_ep_final_pw": [
        49.503052741693914,
        51.85121695395364,
        46.6299586331104,
        45.28801744301716,
        45.85728369064485,
        48.73420947295535,
        50.74125747248976,
        32.39724285000287,
        39.82517054462767,
        45.76163066601478,
        46.251085592975,
        26.925424586951486
      ],
      "coverage_per_uav": 5.84702380952381,
      "avg_step_time_ms": 0.42033955459145417,
      "context_agg_time_ms": 0.045800049974786816,
      "mcp_messages_per_step": 14,
      "p2p_messages_per_step": 42
    },
    {
      "num_uavs": 10,
      "use_mcp": true,
      "avg_coverage": 50.04750000000001,
      "std_coverage": 7.915102784129423,
      "avg_pw_coverage": 53.901499087998495,
      "per_ep_final_coverage": [
        46.67,
        60.150000000000006,
        52.54,
        43.36,
        44.800000000000004,
        52.82,
        66.47,
        42.02,
        51.65,
        52.629999999999995,
        51.76,
        35.699999999999996
      ],
      "per_ep_final_pw": [
        54.01096209846246,
        64.54992919415967,
        60.03880129040463,
        49.982428979119376,
        51.56395995170379,
        56.76356305008272,
        69.21652472718463,
        45.93733378801721,
        50.91528189876827,
        55.894178212154486,
        53.51273390864672,
        34.432291957277805
      ],
      "coverage_per_uav": 5.0047500000000005,
      "avg_step_time_ms": 0.5791353011251034,
      "context_agg_time_ms": 0.06289809999771023,
      "mcp_messages_per_step": 20,
      "p2p_messages_per_step": 90
    }
  ],
  "baseline": [
    {
      "num_uavs": 3,
      "use_mcp": false,
      "avg_coverage": 21.43916666666667,
      "std_coverage": 5.713487636481085,
      "avg_pw_coverage": 21.487756181625542,
      "per_ep_final_coverage": [
        15.57,
        30.36,
        17.29,
        17.0,
        22.17,
        26.169999999999998,
        28.849999999999998,
        23.57,
        14.21,
        20.91,
        27.810000000000002,
        13.36
      ],
      "per_ep_final_pw": [
        13.194665132334112,
        28.40178467485182,
        23.385929360282308,
        19.199997676377727,
        26.720183860323903,
        25.38147562033154,
        25.482178912943958,
        20.65215152952996,
        12.979528042807079,
        18.40795201624156,
        32.30403825053155,
        11.743189102950993
      ],
      "coverage_per_uav": 7.14638888888889,
      "avg_step_time_ms": 0.22965243287482529,
      "context_agg_time_ms": 0.0215249500115533,
      "mcp_messages_per_step": 6,
      "p2p_messages_per_step": 6
    },
    {
      "num_uavs": 5,
      "use_mcp": false,
      "avg_coverage": 31.080833333333327,
      "std_coverage": 5.718384763685944,
      "avg_pw_coverage": 33.162549294281796,
      "per_ep_final_coverage": [
        26.31,
        36.16,
        29.360000000000003,
        30.080000000000002,
        29.75,
        34.86,
        43.57,
        29.709999999999997,
        27.689999999999998,
        32.26,
        34.13,
        19.09
      ],
      "per_ep_final_pw": [
        30.361823587525365,
        34.77294519940318,
        33.944784322757,
        36.321155999630484,
        38.36794462557738,
        33.69657173525006,
        47.690247129816996,
        26.147167827854567,
        26.713202379579158,
        31.616505510902133,
        36.86560889127756,
        21.45263432180768
      ],
      "coverage_per_uav": 6.216166666666665,
      "avg_step_time_ms": 0.3203639270501848,
      "context_agg_time_ms": 0.03523540001992842,
      "mcp_messages_per_step": 10,
      "p2p_messages_per_step": 20
    },
    {
      "num_uavs": 7,
      "use_mcp": false,
      "avg_coverage": 37.607499999999995,
      "std_coverage": 7.76331665054741,
      "avg_pw_coverage": 40.25261880829664,
      "per_ep_final_coverage": [
        39.03,
        50.5,
        33.52,
        31.979999999999997,
        32.22,
        42.199999999999996,
        48.18,
        34.03,
        36.65,
        43.309999999999995,
        39.26,
        20.41
      ],
      "per_ep_final_pw": [
        46.68023968647685,
        50.75767847555649,
        38.70962005163659,
        40.40726567385969,
        41.12061807042188,
        45.111228273615716,
        49.09512766097097,
        29.527179786314022,
        36.647673787252714,
        40.81751223364945,
        41.516912558305954,
        22.640369441499395
      ],
      "coverage_per_uav": 5.3725,
      "avg_step_time_ms": 0.4136326910749801,
      "context_agg_time_ms": 0.045687500028179784,
      "mcp_messages_per_step": 14,
      "p2p_messages_per_step": 42
    },
    {
      "num_uavs": 10,
      "use_mcp": false,
      "avg_coverage": 44.36666666666667,
      "std_coverage": 9.706492100078632,
      "avg_pw_coverage": 47.52009784880102,
      "per_ep_final_coverage": [
        40.089999999999996,
        58.050000000000004,
        44.29,
        34.760000000000005,
        39.26,
        45.86,
        63.54,
        36.04,
        44.57,
        48.6,
        50.6,
        26.740000000000002
      ],
      "per_ep_final_pw": [
        47.710429341506625,
        58.26518140698187,
        47.50795216856953,
        40.979261320240745,
        44.99248482500168,
        52.22638371522683,
        66.78153122621421,
        34.59425772407948,
        42.19214037215417,
        52.64571186989567,
        53.17432725938931,
        29.171512956352235
      ],
      "coverage_per_uav": 4.4366666666666665,