{
  "mcp": [
    {
      "reliability": 1.0,
      "use_mcp": true,
      "avg_coverage": 33.49,
      "std_coverage": 7.761285975919197,
      "avg_pw_coverage": 33.60849365213162,
      "per_ep_final_coverage": [
        32.49,
        39.81,
        34.36,
        27.62,
        32.629999999999995,
        40.150000000000006,
        39.269999999999996,
        28.93,
        40.089999999999996,
        21.13,
        31.36,
        51.1,
        30.98,
        33.46,
        18.970000000000002
      ],
      "per_ep_final_pw": [
        29.163501398327625,
        40.90958660687034,
        33.299940258409556,
        31.98964957884034,
        28.99137924824886,
        35.12093438605742,
        44.527677356716815,
        25.29870085360416,
        45.01339023848452,
        22.32168124617911,
        29.4697624531156,
        47.08008750691287,
        31.704221882759864,
        42.301513194927324,
        16.935378572519923
      ],
      "comm_efficiency": 1.0,
      "num_episodes": 15
    },
    {
      "reliability": 0.8,
      "use_mcp": true,
      "avg_coverage": 33.49,
      "std_coverage": 7.761285975919197,
      "avg_pw_coverage": 33.08922166902304,
      "per_ep_final_coverage": [
        32.49,
        39.81,
        34.36,
        27.62,
        32.629999999999995,
        40.150000000000006,
        39.269999999999996,
        28.93,
        40.089999999999996,
        21.13,
        31.36,
        51.1,
        30.98,
        33.46,
        18.970000000000002
      ],
      "per_ep_final_pw": [
        30.023853016174602,
        38.181358596398276,
        33.44340498126829,
        33.30151448103963,
        28.24973781750584,
        33.89223096382625,
        44.588800865574214,
        26.4508083279525,
        45.23226742647133,
        21.350250241533647,
        28.18345548183411,
        45.14900737319575,
        32.47499640643045,
        39.36061305181184,
        16.456026004328862
      ],
      "comm_efficiency": 0.800272,
      "num_episodes": 15
    },
    {
      "reliability": 0.6,
      "use_mcp": true,
      "avg_coverage": 33.49,
      "std_coverage": 7.761285975919197,
      "avg_pw_coverage": 33.18243204299891,
      "per_ep_final_coverage": [
        32.49,
        39.81,
        34.36,
        27.62,
        32.629999999999995,
        40.150000000000006,
        39.269999999999996,
        28.93,
        40.089999999999996,
        21.13,
        31.36,
        51.1,
        30.98,
        33.46,
        18.970000000000002
      ],
      "per_ep_final_pw": [
        29.48585319428708,
        37.96643982469313,
        33.61080191848794,
        35.09177007060612,
        27.531060667877032,
        33.793717969266936,
        44.978961726000286,
        25.62155852167442,
        44.835342342219846,
        22.25799650183781,
        27.977838629193126,
        47.859054590996564,
        29.438086839058762,
        40.833903099386866,
        16.454094749397736
      ],
      "comm_efficiency": 0.600388,
      "num_episodes": 15
    },
    {
      "reliability": 0.4,
      "use_mcp": true,
      "avg_coverage": 33.49,
      "std_coverage": 7.761285975919197,
      "avg_pw_coverage": 33.60441329219822,
      "per_ep_final_coverage": [
        32.49,
        39.81,
        34.36,
        27.62,
        32.629999999999995,
        40.150000000000006,
        39.269999999999996,
        28.93,
        40.089999999999996,
        21.13,
        31.36,
        51.1,
        30.98,
        33.46,
        18.970000000000002
      ],
      "per_ep_final_pw": [
        29.577348299298528,
        37.79289417585488,
        32.24958671703125,
        32.80643917619183,
        29.505314140076017,
        35.46519727456915,
        44.60416277805718,
        25.78160327035396,
        46.81641907954449,
        22.26380057692793,
        29.40527011933616,
        46.39488647815194,
        32.79561160707694,
        42.15301028140409,
        16.454655409098965
      ],
      "comm_efficiency": 0.40009466666666665,
      "num_episodes": 15
    },
    {
      "reliability": 0.2,
      "use_mcp": true,
      "avg_coverage": 33.49,
      "std_coverage": 7.761285975919197,
      "avg_pw_coverage": 33.21231964581785,
      "per_ep_final_coverage": [
        32.49,
        39.81,
        34.36,
        27.62,
        32.629999999999995,
        40.150000000000006,
        39.269999999999996,
        28.93,
        40.089999999999996,
        21.13,
        31.36,
        51.1,
        30.98,
        33.46,
        18.970000000000002
      ],
      "per_ep_final_pw": [
        28.8482103965456,
        41.06868227174793,
        32.532301675491574,
        32.34924737211521,
        27.471152515748866,
        34.31565020721338,
        46.2107927294668,
        24.772398191901292,
        45.67207623749768,
        21.84915055723966,
        28.91675710988225,
        45.13274267343766,
        31.912699327514627,
        40.47344492751396,
        16.659488493951244
      ],
      "comm_efficiency": 0.200208,
      "num_episodes": 15
    }
  ],
  "baseline": [
    {
      "reliability": 1.0,
      "use_mcp": false,
      "avg_coverage": 31.2,
      "std_coverage": 7.654197105727898,
      "avg_pw_coverage": 31.307181842655076,
      "per_ep_final_coverage": [
        29.609999999999996,
        37.669999999999995,
        31.209999999999997,
        26.99,
        29.880000000000003,
        37.56,
        34.449999999999996,
        28.68,
        36.74,
        20.07,
        29.07,
        51.1,
        29.049999999999997,
        28.53,
        17.39
      ],
      "per_ep_final_pw": [
        27.036319255001075,
        38.004242319967254,
        30.272194116153596,
        31.84422627495827,
        25.840949634339434,
        33.381577092823115,
        41.065401600166254,
        24.965684520309008,
        42.169220733409176,
        21.275161533899258,
        27.17648327457376,
        47.926781394616484,
        28.844597474592444,
        34.341163591118274,
        15.463724823898772
      ],
      "comm_efficiency": 1.0,
      "num_episodes": 15
    },
    {
      "reliability": 0.8,
      "use_mcp": false,
      "avg_coverage": 31.2,
      "std_coverage": 7.654197105727898,
      "avg_pw_coverage": 31.374672704750047,
      "per_ep_final_coverage": [
        29.609999999999996,
        37.669999999999995,
        31.209999999999997,
        26.99,
        29.880000000000003,
        37.56,
        34.449999999999996,
        28.68,
        36.74,
        20.07,
        29.07,
        51.1,
        29.049999999999997,
        28.53,
        17.39
      ],
      "per_ep_final_pw": [
        26.488994348056462,
        38.85468293908331,
        29.153532217041562,
        31.972443453480242,
        25.966956912866735,
        33.39653901715954,
        41.51625708478209,
        24.986457814560907,
        43.46174628674648,
        20.48845224559027,
        27.52680076357451,
        45.872460142229215,
        31.535609869805096,
        34.11153526610447,
        15.287622210169834
      ],
      "comm_efficiency": 0.8,
      "num_episodes": 15
    },
    {
      "reliability": 0.6,
      "use_mcp": false,
      "avg_coverage": 31.2,
      "std_coverage": 7.654197105727898,
      "avg_pw_coverage": 30.799494879655306,
      "per_ep_final_coverage": [
        29.609999999999996,
        37.669999999999995,
        31.209999999999997,
        26.99,
        29.880000000000003,
        37.56,
        34.449999999999996,
        28.68,
        36.74,
        20.07,
        29.07,
        51.1,
        29.049999999999997,
        28.53,
        17.39
      ],